secao,produto
"ARROZ","Arroz Branco Agulhinha"
"ARROZ","Arroz Integral"
"ARROZ","Arroz Parboilizado"
"ARROZ","Arroz Arbóreo"
"ARROZ","Arroz Cateto"
"ARROZ","Arroz Japonês"
"ARROZ","Arroz Basmati"
"ARROZ","Arroz Jasmim"
"ARROZ","Arroz Vermelho"
"ARROZ","Arroz Negro"
"ARROZ","Arroz Preto"
"ARROZ","Arroz Selvagem"
"ARROZ","Arroz Carnaroli"
"ARROZ","Arroz Bomba"
"ARROZ","Arroz Agulhão"
"ARROZ","Arroz Longo Fino"
"FEIJÃO","Feijão Carioca"
"FEIJÃO","Feijão Preto"
"FEIJÃO","Feijão Fradinho"
"FEIJÃO","Feijão de Corda"
"FEIJÃO","Feijão Macassar"
"FEIJÃO","Feijão Branco"
"FEIJÃO","Feijão Vermelho"
"FEIJÃO","Feijão Rajado"
"FEIJÃO","Feijão Mulatinho"
"FEIJÃO","Feijão Jalo"
"FEIJÃO","Feijão Rosinha"
"FEIJÃO","Feijão Roxinho"
"FEIJÃO","Feijão Bolinha"
"FEIJÃO","Feijão Manteiga"
"FEIJÃO","Feijão Azuki"
"FEIJÃO","Feijão Adzuki"
"FEIJÃO","Feijão Cavalo"
"FEIJÃO","Feijão Verde"
"FEIJÃO","Feijão Guandu"
"FEIJÃO","Feijão Andu"
"OUTROS GRÃOS E LEGUMINOSAS","Lentilha"
"OUTROS GRÃOS E LEGUMINOSAS","Grão-de-Bico"
"OUTROS GRÃOS E LEGUMINOSAS","Ervilha Seca"
"OUTROS GRÃOS E LEGUMINOSAS","Ervilha Verde"
"OUTROS GRÃOS E LEGUMINOSAS","Milho Verde"
"OUTROS GRÃOS E LEGUMINOSAS","Milho em Grão"
"OUTROS GRÃOS E LEGUMINOSAS","Quinoa"
"OUTROS GRÃOS E LEGUMINOSAS","Aveia em Flocos"
"OUTROS GRÃOS E LEGUMINOSAS","Aveia em Flocos Fina"
"OUTROS GRÃOS E LEGUMINOSAS","Cevada"
"OUTROS GRÃOS E LEGUMINOSAS","Trigo para Quibe"
"OUTROS GRÃOS E LEGUMINOSAS","Trigo em Grão"
"OUTROS GRÃOS E LEGUMINOSAS","Soja em Grão"
"OUTROS GRÃOS E LEGUMINOSAS","Linhaça"
"OUTROS GRÃOS E LEGUMINOSAS","Chia"
"OUTROS GRÃOS E LEGUMINOSAS","Gergelim"
"OUTROS GRÃOS E LEGUMINOSAS","Amaranto"
"FARINHAS","Farinha de Trigo"
"FARINHAS","Farinha de Trigo Integral"
"FARINHAS","Farinha de Mandioca"
"FARINHAS","Farinha de Milho"
"FARINHAS","Fubá"
"FARINHAS","Farinha de Rosca"
"FARINHAS","Amido de Milho"
"FARINHAS","Maisena"
"FARINHAS","Fécula de Mandioca"
"FARINHAS","Polvilho Doce"
"FARINHAS","Polvilho Azedo"
"FARINHAS","Farinha de Aveia"
"FARINHAS","Farinha de Centeio"
"FARINHAS","Farinha de Arroz"
"FARINHAS","Farinha de Coco"
"FARINHAS","Farinha de Amêndoas"
"FARINHAS","Farinha de Linhaça"
"FARINHAS","Farinha de Rosca Caseira"
"MASSAS","Macarrão Espaguete"
"MASSAS","Macarrão Penne"
"MASSAS","Macarrão Parafuso"
"MASSAS","Macarrão Ninho"
"MASSAS","Macarrão Integral"
"MASSAS","Macarrão de Arroz"
"MASSAS","Macarrão Instantâneo"
"MASSAS","Massa para Lasanha"
"MASSAS","Massa para Pastel"
"MASSAS","Massa para Pizza"
"MASSAS","Nhoque de Batata"
"MASSAS","Nhoque de Mandioca"
"MASSAS","Capeletti"
"MASSAS","Ravioli"
"MASSAS","Canelone"
"MASSAS","Talharim"
"MASSAS","Fettuccine"
"MASSAS","Lasanha Pronta"
"MASSAS","Massa Pronta para Bolo"
"MASSAS","Massa para Bolo de Chocolate"
"MASSAS","Massa para Bolo de Cenoura"
"MASSAS","Massa para Bolo de Laranja"
"MASSAS","Massa para Bolo de Limão"
"MASSAS","Massa para Bolo de Baunilha"
"MASSAS","Massa para Bolo de Coco"
"MASSAS","Massa para Bolo de Fubá"
"MASSAS","Massa para Bolo de Milho"
"MASSAS","Massa para Bolo de Chocolate Branco"
"MASSAS","Massa para Bolo Red Velvet"
"MASSAS","Massa para Bolo de Morango"
"MASSAS","Massa para Bolo de Banana"
"MASSAS","Massa para Bolo de Abacaxi"
"MASSAS","Massa para Bolo de Prestígio"
"MASSAS","Massa para Bolo de Formigueiro"
"MASSAS","Massa para Bolo de Iogurte"
"MASSAS","Massa para Bolo de Leite"
"MASSAS","Massa para Bolo de Chocolate com Cobertura"
"MASSAS","Massa para Bolo Simples"
"PÃES E SIMILARES","Pão Francês"
"PÃES E SIMILARES","Pão de Sal"
"PÃES E SIMILARES","Cacetinho"
"PÃES E SIMILARES","Pão de Forma"
"PÃES E SIMILARES","Pão Integral"
"PÃES E SIMILARES","Pão de Centeio"
"PÃES E SIMILARES","Pão Sírio"
"PÃES E SIMILARES","Pão Pita"
"PÃES E SIMILARES","Pão de Queijo"
"PÃES E SIMILARES","Broa de Milho"
"PÃES E SIMILARES","Pão Doce"
"PÃES E SIMILARES","Pão Australiano"
"PÃES E SIMILARES","Pão de Hambúrguer"
"PÃES E SIMILARES","Pão de Hot Dog"
"PÃES E SIMILARES","Torrada"
"PÃES E SIMILARES","Bisnaguinha"
"PÃES E SIMILARES","Rosca Doce"
"PÃES E SIMILARES","Croissant"
"PÃES E SIMILARES","Baguete"
"BANANA","Banana Prata"
"BANANA","Banana Nanica"
"BANANA","Banana Caturra"
"BANANA","Banana Maçã"
"BANANA","Banana da Terra"
"BANANA","Banana Pacovã"
"BANANA","Banana Ouro"
"BANANA","Banana Figo"
"BANANA","Banana Prata Anã"
"BANANA","Banana Terra"
"CÍTRICAS","Laranja Pera"
"CÍTRICAS","Laranja Bahia"
"CÍTRICAS","Laranja Navel"
"CÍTRICAS","Laranja Lima"
"CÍTRICAS","Laranja Seleta"
"CÍTRICAS","Laranja Lima da Pérsia"
"CÍTRICAS","Mexerica"
"CÍTRICAS","Tangerina"
"CÍTRICAS","Ponkan"
"CÍTRICAS","Limão Taiti"
"CÍTRICAS","Limão Siciliano"
"CÍTRICAS","Limão Galego"
"CÍTRICAS","Lima da Pérsia"
"MAÇÃ","Maçã Gala"
"MAÇÃ","Maçã Fuji"
"MAÇÃ","Maçã Argentina"
"MAÇÃ","Maçã Verde"
"MAÇÃ","Maçã Granny Smith"
"MAÇÃ","Maçã Red Delicious"
"MAÇÃ","Maçã Golden"
"MAÇÃ","Maçã Eva"
"OUTRAS FRUTAS","Abacaxi Pérola"
"OUTRAS FRUTAS","Abacaxi Havai"
"OUTRAS FRUTAS","Abacaxi"
"OUTRAS FRUTAS","Morango"
"OUTRAS FRUTAS","Kiwi"
"OUTRAS FRUTAS","Abacate"
"OUTRAS FRUTAS","Goiaba Vermelha"
"OUTRAS FRUTAS","Goiaba Branca"
"OUTRAS FRUTAS","Maracujá Azedo"
"OUTRAS FRUTAS","Maracujá Doce"
"OUTRAS FRUTAS","Caju"
"OUTRAS FRUTAS","Acerola"
"OUTRAS FRUTAS","Pitanga"
"OUTRAS FRUTAS","Jabuticaba"
"OUTRAS FRUTAS","Ameixa Vermelha"
"OUTRAS FRUTAS","Ameixa Preta"
"OUTRAS FRUTAS","Pêssego"
"OUTRAS FRUTAS","Nectarina"
"OUTRAS FRUTAS","Figo"
"OUTRAS FRUTAS","Caqui"
"OUTRAS FRUTAS","Coco Verde"
"OUTRAS FRUTAS","Coco Seco"
"OUTRAS FRUTAS","Açaí"
"OUTRAS FRUTAS","Cupuaçu"
"OUTRAS FRUTAS","Graviola"
"OUTRAS FRUTAS","Carambola"
"OUTRAS FRUTAS","Romã"
"OUTRAS FRUTAS","Manga Tommy"
"OUTRAS FRUTAS","Manga Palmer"
"OUTRAS FRUTAS","Manga Haden"
"OUTRAS FRUTAS","Manga Espada"
"OUTRAS FRUTAS","Manga Rosa"
"OUTRAS FRUTAS","Mamão Formosa"
"OUTRAS FRUTAS","Mamão Papaia"
"OUTRAS FRUTAS","Melancia"
"OUTRAS FRUTAS","Melão Amarelo"
"OUTRAS FRUTAS","Melão Orange"
"OUTRAS FRUTAS","Melão Pele de Sapo"
"OUTRAS FRUTAS","Melão Gália"
"OUTRAS FRUTAS","Uva Itália"
"OUTRAS FRUTAS","Uva Rubi"
"OUTRAS FRUTAS","Uva Thompson"
"OUTRAS FRUTAS","Uva Niágara"
"OUTRAS FRUTAS","Uva Crimson"
"OUTRAS FRUTAS","Pera Williams"
"OUTRAS FRUTAS","Pera Portuguesa"
"OUTRAS FRUTAS","Pera Asiática"
"OUTRAS FRUTAS","Pera"
"OUTRAS FRUTAS","Lichia"
"OUTRAS FRUTAS","Physalis"
"OUTRAS FRUTAS","Mirtilo"
"OUTRAS FRUTAS","Amora"
"OUTRAS FRUTAS","Framboesa"
"OUTRAS FRUTAS","Cereja"
"OUTRAS FRUTAS","Damasco"
"OUTRAS FRUTAS","Nêspera"
"OUTRAS FRUTAS","Jaca"
"OUTRAS FRUTAS","Fruta do Conde"
"OUTRAS FRUTAS","Pinha"
"OUTRAS FRUTAS","Seriguela"
"OUTRAS FRUTAS","Cajuína"
"OUTRAS FRUTAS","Tamarindo"
"OUTRAS FRUTAS","Pitaya"
"OUTRAS FRUTAS","Kiwi Amarelo"
"TOMATE","Tomate Italiano"
"TOMATE","Tomate Saladete"
"TOMATE","Tomate Cereja"
"TOMATE","Tomate Debora"
"TOMATE","Tomate Carmem"
"TOMATE","Tomate Caqui"
"TOMATE","Tomate Sweet Grape"
"TOMATE","Tomate Longa Vida"
"TOMATE","Tomate para Molho"
"TOMATE","Tomate Verde"
"FOLHOSAS","Alface Crespa"
"FOLHOSAS","Alface Americana"
"FOLHOSAS","Alface Lisa"
"FOLHOSAS","Alface Roxa"
"FOLHOSAS","Alface Frisée"
"FOLHOSAS","Rúcula"
"FOLHOSAS","Agrião"
"FOLHOSAS","Espinafre"
"FOLHOSAS","Couve Manteiga"
"FOLHOSAS","Couve"
"FOLHOSAS","Repolho Verde"
"FOLHOSAS","Repolho Roxo"
"FOLHOSAS","Acelga"
"FOLHOSAS","Almeirão"
"FOLHOSAS","Escarola"
"FOLHOSAS","Folha de Mostarda"
"FOLHOSAS","Couve-Flor"
"FOLHOSAS","Brócolis"
"FOLHOSAS","Brócolis Ninja"
"FOLHOSAS","Rabanete"
"FOLHOSAS","Nabo"
"FOLHOSAS","Chicória"
"RAÍZES E TUBÉRCULOS","Batata Inglesa"
"RAÍZES E TUBÉRCULOS","Batata Asterix"
"RAÍZES E TUBÉRCULOS","Batata Monalisa"
"RAÍZES E TUBÉRCULOS","Batata Bolinha"
"RAÍZES E TUBÉRCULOS","Batata Doce Rosada"
"RAÍZES E TUBÉRCULOS","Batata Doce Branca"
"RAÍZES E TUBÉRCULOS","Batata Doce Roxa"
"RAÍZES E TUBÉRCULOS","Batata Lavada"
"RAÍZES E TUBÉRCULOS","Mandioca"
"RAÍZES E TUBÉRCULOS","Aipim"
"RAÍZES E TUBÉRCULOS","Macaxeira"
"RAÍZES E TUBÉRCULOS","Inhame"
"RAÍZES E TUBÉRCULOS","Cará"
"RAÍZES E TUBÉRCULOS","Cenoura"
"RAÍZES E TUBÉRCULOS","Beterraba"
"RAÍZES E TUBÉRCULOS","Mandioquinha"
"RAÍZES E TUBÉRCULOS","Batata Baroa"
"RAÍZES E TUBÉRCULOS","Gengibre"
"RAÍZES E TUBÉRCULOS","Açafrão da Terra"
"RAÍZES E TUBÉRCULOS","Cúrcuma Fresca"
"OUTROS LEGUMES","Abobrinha Italiana"
"OUTROS LEGUMES","Abobrinha Brasileira"
"OUTROS LEGUMES","Abóbora Cabotiá"
"OUTROS LEGUMES","Abóbora Japonesa"
"OUTROS LEGUMES","Abóbora Moranga"
"OUTROS LEGUMES","Abóbora Paulista"
"OUTROS LEGUMES","Abóbora Menina"
"OUTROS LEGUMES","Chuchu"
"OUTROS LEGUMES","Berinjela"
"OUTROS LEGUMES","Pimentão Verde"
"OUTROS LEGUMES","Pimentão Vermelho"
"OUTROS LEGUMES","Pimentão Amarelo"
"OUTROS LEGUMES","Pepino Japonês"
"OUTROS LEGUMES","Pepino Caipira"
"OUTROS LEGUMES","Pepino Aodai"
"OUTROS LEGUMES","Quiabo"
"OUTROS LEGUMES","Jiló"
"OUTROS LEGUMES","Maxixe"
"OUTROS LEGUMES","Vagem"
"OUTROS LEGUMES","Ervilha Torta"
"OUTROS LEGUMES","Ervilha"
"OUTROS LEGUMES","Alho-Poró"
"OUTROS LEGUMES","Cebola Branca"
"OUTROS LEGUMES","Cebola Roxa"
"OUTROS LEGUMES","Cebola Amarela"
"OUTROS LEGUMES","Alho"
"OUTROS LEGUMES","Alho Desidratado"
"OUTROS LEGUMES","Pimenta Dedo-de-Moça"
"OUTROS LEGUMES","Pimenta Malagueta"
"OUTROS LEGUMES","Pimenta Biquinho"
"OUTROS LEGUMES","Pimenta Cambuci"
"OUTROS LEGUMES","Pimenta Jalapeño"
"OUTROS LEGUMES","Pimenta Habanero"
"OUTROS LEGUMES","Pimenta de Cheiro"
"OUTROS LEGUMES","Espiga de Milho"
"TEMPEROS FRESCOS","Salsinha"
"TEMPEROS FRESCOS","Cebolinha"
"TEMPEROS FRESCOS","Coentro"
"TEMPEROS FRESCOS","Manjericão"
"TEMPEROS FRESCOS","Hortelã"
"TEMPEROS FRESCOS","Alecrim"
"TEMPEROS FRESCOS","Orégano Fresco"
"TEMPEROS FRESCOS","Louro"
"TEMPEROS FRESCOS","Sálvia"
"TEMPEROS FRESCOS","Tomilho"
"TEMPEROS FRESCOS","Manjerona"
"TEMPEROS FRESCOS","Estragão"
"TEMPEROS FRESCOS","Capim-Santo"
"TEMPEROS FRESCOS","Hortelã-Pimenta"
"BOVINA","Picanha"
"BOVINA","Alcatra"
"BOVINA","Maminha"
"BOVINA","Filé Mignon"
"BOVINA","Contrafilé"
"BOVINA","Fraldinha"
"BOVINA","Coxão Mole"
"BOVINA","Coxão Duro"
"BOVINA","Lagarto"
"BOVINA","Patinho"
"BOVINA","Acém"
"BOVINA","Paleta"
"BOVINA","Peito"
"BOVINA","Costela"
"BOVINA","Cupim"
"BOVINA","Músculo"
"BOVINA","Carne Moída"
"BOVINA","Charque"
"BOVINA","Carne Seca"
"BOVINA","Carne de Sol"
"BOVINA","Peixinho"
"BOVINA","Pescoço"
"BOVINA","Rabo"
"BOVINA","Fígado Bovino"
"BOVINA","Língua Bovina"
"BOVINA","Bucho"
"BOVINA","Coração Bovino"
"SUÍNA","Lombo Suíno"
"SUÍNA","Pernil"
"SUÍNA","Costela Suína"
"SUÍNA","Bisteca Suína"
"SUÍNA","Panceta"
"SUÍNA","Barriga Suína"
"SUÍNA","Linguiça Calabresa"
"SUÍNA","Linguiça Toscana"
"SUÍNA","Linguiça de Pernil"
"SUÍNA","Bacon"
"SUÍNA","Toucinho"
"SUÍNA","Costelinha Suína"
"SUÍNA","Paleta Suína"
"SUÍNA","Copa Lombo"
"SUÍNA","Filezinho Suíno"
"AVES","Peito de Frango"
"AVES","Coxa de Frango"
"AVES","Sobrecoxa de Frango"
"AVES","Asa de Frango"
"AVES","Frango Inteiro"
"AVES","Filé de Frango"
"AVES","Coxinha da Asa"
"AVES","Moela"
"AVES","Fígado de Frango"
"AVES","Coração de Frango"
"AVES","Peru Inteiro"
"AVES","Peito de Peru"
"AVES","Coxa de Peru"
"PEIXES E FRUTOS DO MAR","Tilápia"
"PEIXES E FRUTOS DO MAR","Salmão"
"PEIXES E FRUTOS DO MAR","Bacalhau"
"PEIXES E FRUTOS DO MAR","Merluza"
"PEIXES E FRUTOS DO MAR","Pescada"
"PEIXES E FRUTOS DO MAR","Sardinha"
"PEIXES E FRUTOS DO MAR","Atum"
"PEIXES E FRUTOS DO MAR","Camarão"
"PEIXES E FRUTOS DO MAR","Lula"
"PEIXES E FRUTOS DO MAR","Polvo"
"PEIXES E FRUTOS DO MAR","Mexilhão"
"PEIXES E FRUTOS DO MAR","Ostras"
"PEIXES E FRUTOS DO MAR","Robalo"
"PEIXES E FRUTOS DO MAR","Dourado"
"PEIXES E FRUTOS DO MAR","Tainha"
"PEIXES E FRUTOS DO MAR","Namorado"
"PEIXES E FRUTOS DO MAR","Cação"
"PEIXES E FRUTOS DO MAR","Corvina"
"PEIXES E FRUTOS DO MAR","Linguado"
"PEIXES E FRUTOS DO MAR","Manjuba"
"PEIXES E FRUTOS DO MAR","Anchova"
"PEIXES E FRUTOS DO MAR","Lagosta"
"PEIXES E FRUTOS DO MAR","Caranguejo"
"PEIXES E FRUTOS DO MAR","Siri"
"PEIXES E FRUTOS DO MAR","Vieira"
"LEITE","Leite Integral"
"LEITE","Leite Semidesnatado"
"LEITE","Leite Desnatado"
"LEITE","Leite Zero Lactose"
"LEITE","Leite em Pó Integral"
"LEITE","Leite em Pó Desnatado"
"LEITE","Leite de Soja"
"LEITE","Leite de Amêndoas"
"LEITE","Leite de Coco"
"LEITE","Leite de Aveia"
"LEITE","Leite de Arroz"
"LEITE","Leite de Castanha"
"LEITE","Leite de Cabra"
"LEITE","Leite Condensado"
"LEITE","Creme de Leite"
"QUEIJOS","Queijo Minas Frescal"
"QUEIJOS","Queijo Minas Padrão"
"QUEIJOS","Mussarela"
"QUEIJOS","Queijo Prato"
"QUEIJOS","Queijo Coalho"
"QUEIJOS","Queijo Parmesão"
"QUEIJOS","Queijo Provolone"
"QUEIJOS","Queijo Gorgonzola"
"QUEIJOS","Queijo Brie"
"QUEIJOS","Queijo Camembert"
"QUEIJOS","Ricota"
"QUEIJOS","Cream Cheese"
"QUEIJOS","Requeijão"
"QUEIJOS","Queijo Cottage"
"QUEIJOS","Queijo Gruyère"
"QUEIJOS","Queijo Emmental"
"QUEIJOS","Queijo Cheddar"
"QUEIJOS","Queijo Gouda"
"QUEIJOS","Queijo Reino"
"QUEIJOS","Queijo Colonial"
"QUEIJOS","Queijo Canastra"
"QUEIJOS","Queijo Serra da Canastra"
"QUEIJOS","Queijo Meia Cura"
"QUEIJOS","Queijo Cabacinha"
"QUEIJOS","Queijo de Cabra"
"OUTROS LATICÍNIOS","Iogurte Natural"
"OUTROS LATICÍNIOS","Iogurte Grego"
"OUTROS LATICÍNIOS","Iogurte Desnatado"
"OUTROS LATICÍNIOS","Iogurte Integral"
"OUTROS LATICÍNIOS","Manteiga"
"OUTROS LATICÍNIOS","Margarina"
"OUTROS LATICÍNIOS","Coalhada"
"OUTROS LATICÍNIOS","Nata"
"OUTROS LATICÍNIOS","Doce de Leite"
"ÓLEOS E GORDURAS","Óleo de Soja"
"ÓLEOS E GORDURAS","Óleo de Girassol"
"ÓLEOS E GORDURAS","Óleo de Canola"
"ÓLEOS E GORDURAS","Óleo de Milho"
"ÓLEOS E GORDURAS","Azeite de Oliva Extra Virgem"
"ÓLEOS E GORDURAS","Azeite de Oliva"
"ÓLEOS E GORDURAS","Óleo de Coco"
"ÓLEOS E GORDURAS","Banha de Porco"
"ÓLEOS E GORDURAS","Óleo de Dendê"
"ÓLEOS E GORDURAS","Azeite de Dendê"
"ÓLEOS E GORDURAS","Óleo de Gergelim"
"ÓLEOS E GORDURAS","Manteiga de Cacau"
"AÇÚCARES E DOCES","Açúcar Cristal"
"AÇÚCARES E DOCES","Açúcar Refinado"
"AÇÚCARES E DOCES","Açúcar Demerara"
"AÇÚCARES E DOCES","Açúcar Mascavo"
"AÇÚCARES E DOCES","Açúcar de Coco"
"AÇÚCARES E DOCES","Açúcar Light"
"AÇÚCARES E DOCES","Mel"
"AÇÚCARES E DOCES","Melado de Cana"
"AÇÚCARES E DOCES","Rapadura"
"AÇÚCARES E DOCES","Melado"
"AÇÚCARES E DOCES","Xarope de Maple"
"AÇÚCARES E DOCES","Adoçante"
"AÇÚCARES E DOCES","Stevia"
"AÇÚCARES E DOCES","Gelatina em Pó"
"AÇÚCARES E DOCES","Chocolate em Pó"
"AÇÚCARES E DOCES","Cacau em Pó"
"AÇÚCARES E DOCES","Achocolatado em Pó"
"AÇÚCARES E DOCES","Goiabada"
"AÇÚCARES E DOCES","Marmelada"
"AÇÚCARES E DOCES","Cocada"
"AÇÚCARES E DOCES","Paçoca"
"AÇÚCARES E DOCES","Pé de Moleque"
"SECOS E ESPECIARIAS","Sal Refinado"
"SECOS E ESPECIARIAS","Sal Grosso"
"SECOS E ESPECIARIAS","Sal Marinho"
"SECOS E ESPECIARIAS","Pimenta-do-Reino"
"SECOS E ESPECIARIAS","Pimenta-do-Reino em Grão"
"SECOS E ESPECIARIAS","Cominho"
"SECOS E ESPECIARIAS","Colorau"
"SECOS E ESPECIARIAS","Urucum"
"SECOS E ESPECIARIAS","Açafrão"
"SECOS E ESPECIARIAS","Cúrcuma"
"SECOS E ESPECIARIAS","Canela em Pó"
"SECOS E ESPECIARIAS","Canela em Pau"
"SECOS E ESPECIARIAS","Cravo"
"SECOS E ESPECIARIAS","Noz-Moscada"
"SECOS E ESPECIARIAS","Orégano Seco"
"SECOS E ESPECIARIAS","Manjericão Seco"
"SECOS E ESPECIARIAS","Louro Seco"
"SECOS E ESPECIARIAS","Coentro em Pó"
"SECOS E ESPECIARIAS","Páprica Doce"
"SECOS E ESPECIARIAS","Páprica Defumada"
"SECOS E ESPECIARIAS","Páprica Picante"
"SECOS E ESPECIARIAS","Gengibre em Pó"
"SECOS E ESPECIARIAS","Alho em Pó"
"SECOS E ESPECIARIAS","Cebola em Pó"
"SECOS E ESPECIARIAS","Curry"
"SECOS E ESPECIARIAS","Chimichurri"
"SECOS E ESPECIARIAS","Pimenta Calabresa"
"SECOS E ESPECIARIAS","Pimenta Caiena"
"SECOS E ESPECIARIAS","Ervas Finas"
"SECOS E ESPECIARIAS","Tempero Baiano"
"SECOS E ESPECIARIAS","Tempero Completo"
"MOLHOS E CONDIMENTOS","Molho de Tomate"
"MOLHOS E CONDIMENTOS","Extrato de Tomate"
"MOLHOS E CONDIMENTOS","Polpa de Tomate"
"MOLHOS E CONDIMENTOS","Ketchup"
"MOLHOS E CONDIMENTOS","Mostarda"
"MOLHOS E CONDIMENTOS","Mostarda Dijon"
"MOLHOS E CONDIMENTOS","Maionese"
"MOLHOS E CONDIMENTOS","Shoyu"
"MOLHOS E CONDIMENTOS","Molho Inglês"
"MOLHOS E CONDIMENTOS","Molho de Pimenta"
"MOLHOS E CONDIMENTOS","Molho Tártaro"
"MOLHOS E CONDIMENTOS","Molho Barbecue"
"MOLHOS E CONDIMENTOS","Vinagre de Álcool"
"MOLHOS E CONDIMENTOS","Vinagre de Maçã"
"MOLHOS E CONDIMENTOS","Vinagre Balsâmico"
"MOLHOS E CONDIMENTOS","Vinagre de Vinho"
"MOLHOS E CONDIMENTOS","Vinagre de Arroz"
"MOLHOS E CONDIMENTOS","Azeite Temperado"
"MOLHOS E CONDIMENTOS","Molho Pesto"
"MOLHOS E CONDIMENTOS","Catchup Picante"
"BISCOITOS","Biscoito Cream Cracker"
"BISCOITOS","Biscoito Água e Sal"
"BISCOITOS","Biscoito Maisena"
"BISCOITOS","Biscoito Recheado"
"BISCOITOS","Biscoito de Polvilho"
"BISCOITOS","Biscoito de Nata"
"BISCOITOS","Biscoito Champanhe"
"BISCOITOS","Biscoito Waffler"
"BISCOITOS","Biscoito Maria"
"BISCOITOS","Biscoito de Leite"
"BISCOITOS","Biscoito Integral"
"BISCOITOS","Biscoito de Aveia"
"BISCOITOS","Biscoito Salgado"
"BISCOITOS","Biscoito Doce"
"BISCOITOS","Cookie"
"BISCOITOS","Rosquinha"
"BISCOITOS","Sequilho"
"SNACKS E PETISCOS","Batata Chips"
"SNACKS E PETISCOS","Batata Palha"
"SNACKS E PETISCOS","Salgadinho de Milho"
"SNACKS E PETISCOS","Amendoim Salgado"
"SNACKS E PETISCOS","Amendoim Doce"
"SNACKS E PETISCOS","Pipoca de Micro-ondas"
"SNACKS E PETISCOS","Pipoca em Grão"
"SNACKS E PETISCOS","Torrada Salgada"
"SNACKS E PETISCOS","Torrada Doce"
"SNACKS E PETISCOS","Crackers"
"SNACKS E PETISCOS","Pretzel"
"SNACKS E PETISCOS","Nachos"
"SNACKS E PETISCOS","Tortilha Chips"
"SNACKS E PETISCOS","Castanha de Caju Salgada"
"SNACKS E PETISCOS","Mix de Castanhas"
"SNACKS E PETISCOS","Chips de Batata Doce"
"SNACKS E PETISCOS","Chips de Banana"
"SNACKS E PETISCOS","Torre de Pipoca"
"SNACKS E PETISCOS","Pipoquinha Doce"
"NÃO ALCOÓLICAS","Água Mineral"
"NÃO ALCOÓLICAS","Água com Gás"
"NÃO ALCOÓLICAS","Água Tônica"
"NÃO ALCOÓLICAS","Refrigerante Cola"
"NÃO ALCOÓLICAS","Refrigerante Guaraná"
"NÃO ALCOÓLICAS","Refrigerante Laranja"
"NÃO ALCOÓLICAS","Refrigerante Limão"
"NÃO ALCOÓLICAS","Refrigerante Uva"
"NÃO ALCOÓLICAS","Suco de Laranja"
"NÃO ALCOÓLICAS","Suco de Uva"
"NÃO ALCOÓLICAS","Suco de Maracujá"
"NÃO ALCOÓLICAS","Suco de Abacaxi"
"NÃO ALCOÓLICAS","Suco de Manga"
"NÃO ALCOÓLICAS","Suco de Caju"
"NÃO ALCOÓLICAS","Suco de Goiaba"
"NÃO ALCOÓLICAS","Suco de Acerola"
"NÃO ALCOÓLICAS","Suco de Limão"
"NÃO ALCOÓLICAS","Suco Detox"
"NÃO ALCOÓLICAS","Suco Integral"
"NÃO ALCOÓLICAS","Suco de Soja"
"NÃO ALCOÓLICAS","Suco de Néctar"
"NÃO ALCOÓLICAS","Café Torrado e Moído"
"NÃO ALCOÓLICAS","Café em Grão"
"NÃO ALCOÓLICAS","Café Solúvel"
"NÃO ALCOÓLICAS","Chá Mate"
"NÃO ALCOÓLICAS","Chá Preto"
"NÃO ALCOÓLICAS","Chá Verde"
"NÃO ALCOÓLICAS","Chá de Camomila"
"NÃO ALCOÓLICAS","Chá de Hortelã"
"NÃO ALCOÓLICAS","Chá de Boldo"
"NÃO ALCOÓLICAS","Chá de Erva-Doce"
"NÃO ALCOÓLICAS","Chá de Gengibre"
"NÃO ALCOÓLICAS","Chá"
"NÃO ALCOÓLICAS","Achocolatado"
"NÃO ALCOÓLICAS","Isotônico"
"NÃO ALCOÓLICAS","Energético"
"NÃO ALCOÓLICAS","Água de Coco"
"NÃO ALCOÓLICAS","Suco Verde"
"ALCOÓLICAS","Cerveja Pilsen"
"ALCOÓLICAS","Cerveja Lager"
"ALCOÓLICAS","Cerveja IPA"
"ALCOÓLICAS","Cerveja Weiss"
"ALCOÓLICAS","Cerveja Stout"
"ALCOÓLICAS","Cerveja Preta"
"ALCOÓLICAS","Cerveja Artesanal"
"ALCOÓLICAS","Vinho Tinto"
"ALCOÓLICAS","Vinho Branco"
"ALCOÓLICAS","Vinho Rosé"
"ALCOÓLICAS","Vinho Suave"
"ALCOÓLICAS","Vinho Seco"
"ALCOÓLICAS","Vinho Bordô"
"ALCOÓLICAS","Espumante"
"ALCOÓLICAS","Champanhe"
"ALCOÓLICAS","Cachaça"
"ALCOÓLICAS","Pinga"
"ALCOÓLICAS","Whisky"
"ALCOÓLICAS","Vodka"
"ALCOÓLICAS","Gin"
"ALCOÓLICAS","Rum"
"ALCOÓLICAS","Tequila"
"ALCOÓLICAS","Conhaque"
"ALCOÓLICAS","Licor"
"ALCOÓLICAS","Vermute"
"ALCOÓLICAS","Aperol"
"ALCOÓLICAS","Sidra"
"ALCOÓLICAS","Saquê"
"ALCOÓLICAS","Cerveja sem Álcool"
"OUTROS E CONSERVAS","Azeitona Verde"
"OUTROS E CONSERVAS","Azeitona Preta"
"OUTROS E CONSERVAS","Milho em Conserva"
"OUTROS E CONSERVAS","Ervilha em Conserva"
"OUTROS E CONSERVAS","Palmito"
"OUTROS E CONSERVAS","Cogumelo Champignon"
"OUTROS E CONSERVAS","Cogumelo Shitake"
"OUTROS E CONSERVAS","Cogumelo Shimeji"
"OUTROS E CONSERVAS","Cogumelo Paris"
"OUTROS E CONSERVAS","Aspargo em Conserva"
"OUTROS E CONSERVAS","Pepino em Conserva"
"OUTROS E CONSERVAS","Picles"
"OUTROS E CONSERVAS","Azeitona Recheada"
"OUTROS E CONSERVAS","Tomate Seco"
"OUTROS E CONSERVAS","Alcaparra"
"OUTROS E CONSERVAS","Amendoim Cru"
"OUTROS E CONSERVAS","Amendoim Torrado"
"OUTROS E CONSERVAS","Castanha de Caju"
"OUTROS E CONSERVAS","Castanha-do-Pará"
"OUTROS E CONSERVAS","Castanha Portuguesa"
"OUTROS E CONSERVAS","Nozes"
"OUTROS E CONSERVAS","Amêndoas"
"OUTROS E CONSERVAS","Avelã"
"OUTROS E CONSERVAS","Pistache"
"OUTROS E CONSERVAS","Macadâmia"
"OUTROS E CONSERVAS","Passas"
"OUTROS E CONSERVAS","Uva Passa"
"OUTROS E CONSERVAS","Coco Ralado"
"OUTROS E CONSERVAS","Coco Fresco"
"OUTROS E CONSERVAS","Gergelim Branco"
"OUTROS E CONSERVAS","Gergelim Preto"
"OUTROS E CONSERVAS","Linhaça Dourada"
"OUTROS E CONSERVAS","Linhaça Marrom"
"OUTROS E CONSERVAS","Quinoa em Grão"
"OUTROS E CONSERVAS","Granola"
"OUTROS E CONSERVAS","Geleia de Morango"
"OUTROS E CONSERVAS","Geleia de Frutas Vermelhas"
"OUTROS E CONSERVAS","Geleia de Laranja"
"OUTROS E CONSERVAS","Manteiga de Amendoim"
"OUTROS E CONSERVAS","Pasta de Amendoim"
"OUTROS E CONSERVAS","Tahine"
"OUTROS E CONSERVAS","Homus"
"OUTROS E CONSERVAS","Patê"
"OUTROS E CONSERVAS","Azeitona Verde em Conserva"
"OUTROS E CONSERVAS","Atum em Lata"
"OUTROS E CONSERVAS","Sardinha em Lata"
"OUTROS E CONSERVAS","Milho Verde em Lata"
"OUTROS E CONSERVAS","Seleta de Legumes"
"OUTROS E CONSERVAS","Requeijão Cremoso"
"OUTROS E CONSERVAS","Manteiga com Sal"
"OUTROS E CONSERVAS","Manteiga sem Sal"
"OUTROS ITENS BÁSICOS","Ovo de Galinha"
"OUTROS ITENS BÁSICOS","Ovo Branco"
"OUTROS ITENS BÁSICOS","Ovo Vermelho"
"OUTROS ITENS BÁSICOS","Ovo de Codorna"
"OUTROS ITENS BÁSICOS","Ovo Caipira"
"OUTROS ITENS BÁSICOS","Café"
"OUTROS ITENS BÁSICOS","Açúcar"
"OUTROS ITENS BÁSICOS","Sal"
"OUTROS ITENS BÁSICOS","Óleo"
"OUTROS ITENS BÁSICOS","Azeite"
"OUTROS ITENS BÁSICOS","Vinagre"
"OUTROS ITENS BÁSICOS","Fermento Biológico"
"OUTROS ITENS BÁSICOS","Fermento Químico"
"OUTROS ITENS BÁSICOS","Bicarbonato de Sódio"
"OUTROS ITENS BÁSICOS","Gelatina"
"OUTROS ITENS BÁSICOS","Chocolate ao Leite"
"OUTROS ITENS BÁSICOS","Chocolate Meio Amargo"
"OUTROS ITENS BÁSICOS","Chocolate Branco"
"OUTROS ITENS BÁSICOS","Cacau"
"OUTROS ITENS BÁSICOS","Polvilho"
"OUTROS ITENS BÁSICOS","Macarrão"
"OUTROS ITENS BÁSICOS","Arroz"
"OUTROS ITENS BÁSICOS","Feijão"
"LAVANDERIA","Sabão em Pó"
"LAVANDERIA","Sabão Líquido para Roupas"
"LAVANDERIA","Sabão em Barra"
"LAVANDERIA","Lava-Roupas para Roupas Delicadas"
"LAVANDERIA","Lava-Roupas para Roupas Pretas"
"LAVANDERIA","Lava-Roupas para Roupas Brancas"
"LAVANDERIA","Amaciante"
"LAVANDERIA","Amaciante Concentrado"
"LAVANDERIA","Tira-Manchas em Pó"
"LAVANDERIA","Tira-Manchas Líquido"
"LAVANDERIA","Alvejante com Cloro"
"LAVANDERIA","Alvejante sem Cloro"
"LAVANDERIA","Água Sanitária"
"LAVANDERIA","Branqueador de Roupas"
"LAVANDERIA","Removedor de Manchas"
"LAVANDERIA","Passa-Roupas"
"LAVANDERIA","Limpa-Máquina de Lavar"
"COZINHA E LOUÇAS","Detergente Líquido"
"COZINHA E LOUÇAS","Detergente Neutro"
"COZINHA E LOUÇAS","Detergente de Coco"
"COZINHA E LOUÇAS","Detergente de Limão"
"COZINHA E LOUÇAS","Lava-Louças em Pó"
"COZINHA E LOUÇAS","Lava-Louças em Gel"
"COZINHA E LOUÇAS","Tablete para Lava-Louças"
"COZINHA E LOUÇAS","Secante para Lava-Louças"
"COZINHA E LOUÇAS","Desengordurante"
"COZINHA E LOUÇAS","Limpa-Forno"
"COZINHA E LOUÇAS","Limpa-Micro-ondas"
"COZINHA E LOUÇAS","Limpa-Inox"
"COZINHA E LOUÇAS","Limpa-Alumínio"
"COZINHA E LOUÇAS","Saponáceo Cremoso"
"COZINHA E LOUÇAS","Saponáceo em Pó"
"SUPERFÍCIES E BANHEIRO","Limpador Multiuso"
"SUPERFÍCIES E BANHEIRO","Limpador Perfumado"
"SUPERFÍCIES E BANHEIRO","Desinfetante"
"SUPERFÍCIES E BANHEIRO","Cloro em Gel"
"SUPERFÍCIES E BANHEIRO","Álcool Líquido 70%"
"SUPERFÍCIES E BANHEIRO","Limpa-Vidros"
"SUPERFÍCIES E BANHEIRO","Limpa-Espelhos"
"SUPERFÍCIES E BANHEIRO","Limpa-Pisos"
"SUPERFÍCIES E BANHEIRO","Limpa-Porcelanato"
"SUPERFÍCIES E BANHEIRO","Limpa-Mármore"
"SUPERFÍCIES E BANHEIRO","Limpa-Granito"
"SUPERFÍCIES E BANHEIRO","Limpa-Pedras"
"SUPERFÍCIES E BANHEIRO","Limpa-Madeira"
"SUPERFÍCIES E BANHEIRO","Cera Líquida"
"SUPERFÍCIES E BANHEIRO","Cera em Pasta"
"SUPERFÍCIES E BANHEIRO","Removedor de Cera"
"SUPERFÍCIES E BANHEIRO","Lustra-Móveis"
"SUPERFÍCIES E BANHEIRO","Limpa-Carpetes"
"SUPERFÍCIES E BANHEIRO","Limpa-Estofados"
"SUPERFÍCIES E BANHEIRO","Limpa-Telas"
"SUPERFÍCIES E BANHEIRO","Removedor de Mofo"
"SUPERFÍCIES E BANHEIRO","Neutralizador de Odores"
"SUPERFÍCIES E BANHEIRO","Limpa-Banheiro"
"SUPERFÍCIES E BANHEIRO","Limpa-Box"
"SUPERFÍCIES E BANHEIRO","Limpador de Vaso Sanitário"
"SUPERFÍCIES E BANHEIRO","Bloco Sanitário"
"SUPERFÍCIES E BANHEIRO","Pastilha Sanitária"
"SUPERFÍCIES E BANHEIRO","Limpador de Ralos"
"SUPERFÍCIES E BANHEIRO","Desentupidor Químico"
"ACESSÓRIOS DE LIMPEZA","Esponja Multiuso"
"ACESSÓRIOS DE LIMPEZA","Esponja Não Risca"
"ACESSÓRIOS DE LIMPEZA","Esponja de Aço"
"ACESSÓRIOS DE LIMPEZA","Lã de Aço"
"ACESSÓRIOS DE LIMPEZA","Escova de Limpeza"
"ACESSÓRIOS DE LIMPEZA","Escova para Louças"
"ACESSÓRIOS DE LIMPEZA","Escova Sanitária"
"ACESSÓRIOS DE LIMPEZA","Vassoura"
"ACESSÓRIOS DE LIMPEZA","Rodo"
"ACESSÓRIOS DE LIMPEZA","Pá de Lixo"
"ACESSÓRIOS DE LIMPEZA","Mop"
"ACESSÓRIOS DE LIMPEZA","Refil para Mop"
"ACESSÓRIOS DE LIMPEZA","Balde"
"ACESSÓRIOS DE LIMPEZA","Bacia"
"ACESSÓRIOS DE LIMPEZA","Pano de Chão"
"ACESSÓRIOS DE LIMPEZA","Pano Multiuso"
"ACESSÓRIOS DE LIMPEZA","Pano de Microfibra"
"ACESSÓRIOS DE LIMPEZA","Flanela"
"ACESSÓRIOS DE LIMPEZA","Luvas de Limpeza"
"ACESSÓRIOS DE LIMPEZA","Saco para Aspirador"
"ACESSÓRIOS DE LIMPEZA","Papel-Toalha"
"ACESSÓRIOS DE LIMPEZA","Saco de Lixo 15 Litros"
"ACESSÓRIOS DE LIMPEZA","Saco de Lixo 30 Litros"
"ACESSÓRIOS DE LIMPEZA","Saco de Lixo 50 Litros"
"ACESSÓRIOS DE LIMPEZA","Saco de Lixo 100 Litros"
"CONTROLE DE PRAGAS","Inseticida Aerossol"
"CONTROLE DE PRAGAS","Inseticida Elétrico"
"CONTROLE DE PRAGAS","Refil para Inseticida Elétrico"
"CONTROLE DE PRAGAS","Isca para Formigas"
"CONTROLE DE PRAGAS","Isca para Baratas"
"CONTROLE DE PRAGAS","Armadilha para Insetos"
"CONTROLE DE PRAGAS","Repelente de Ambientes"
"CONTROLE DE PRAGAS","Naftalina"
"HIGIENE BUCAL","Creme Dental"
"HIGIENE BUCAL","Creme Dental Infantil"
"HIGIENE BUCAL","Creme Dental para Dentes Sensíveis"
"HIGIENE BUCAL","Escova Dental"
"HIGIENE BUCAL","Escova Dental Infantil"
"HIGIENE BUCAL","Escova Interdental"
"HIGIENE BUCAL","Fio Dental"
"HIGIENE BUCAL","Fita Dental"
"HIGIENE BUCAL","Enxaguante Bucal"
"HIGIENE BUCAL","Limpador de Língua"
"HIGIENE BUCAL","Estojo para Escova Dental"
"BANHO E CORPO","Sabonete em Barra"
"BANHO E CORPO","Sabonete Líquido"
"BANHO E CORPO","Sabonete Antibacteriano"
"BANHO E CORPO","Sabonete Infantil"
"BANHO E CORPO","Sabonete Íntimo"
"BANHO E CORPO","Esponja de Banho"
"BANHO E CORPO","Bucha Vegetal"
"BANHO E CORPO","Desodorante Aerossol"
"BANHO E CORPO","Desodorante Roll-On"
"BANHO E CORPO","Desodorante em Creme"
"BANHO E CORPO","Desodorante em Bastão"
"BANHO E CORPO","Talco Corporal"
"BANHO E CORPO","Talco para Pés"
"BANHO E CORPO","Hidratante Corporal"
"BANHO E CORPO","Óleo Corporal"
"BANHO E CORPO","Colônia"
"BANHO E CORPO","Perfume"
"BANHO E CORPO","Creme para as Mãos"
"CABELOS","Shampoo"
"CABELOS","Shampoo Anticaspa"
"CABELOS","Shampoo Infantil"
"CABELOS","Shampoo para Cabelos Secos"
"CABELOS","Shampoo para Cabelos Oleosos"
"CABELOS","Shampoo para Cabelos Cacheados"
"CABELOS","Shampoo a Seco"
"CABELOS","Condicionador"
"CABELOS","Condicionador Infantil"
"CABELOS","Creme para Pentear"
"CABELOS","Máscara Capilar"
"CABELOS","Leave-In"
"CABELOS","Protetor Térmico Capilar"
"CABELOS","Gel para Cabelo"
"CABELOS","Pomada para Cabelo"
"CABELOS","Spray Fixador"
"CABELOS","Óleo Capilar"
"CABELOS","Tintura para Cabelo"
"CABELOS","Pente"
"CABELOS","Escova de Cabelo"
"BARBA E DEPILAÇÃO","Aparelho de Barbear"
"BARBA E DEPILAÇÃO","Lâmina de Barbear"
"BARBA E DEPILAÇÃO","Espuma de Barbear"
"BARBA E DEPILAÇÃO","Creme de Barbear"
"BARBA E DEPILAÇÃO","Loção Pós-Barba"
"BARBA E DEPILAÇÃO","Creme Depilatório"
"BARBA E DEPILAÇÃO","Cera Depilatória"
"BARBA E DEPILAÇÃO","Folha Depilatória"
"BARBA E DEPILAÇÃO","Pinça"
"HIGIENE MENSTRUAL E ÍNTIMA","Protetor Diário"
"HIGIENE MENSTRUAL E ÍNTIMA","Absorvente com Abas"
"HIGIENE MENSTRUAL E ÍNTIMA","Absorvente sem Abas"
"HIGIENE MENSTRUAL E ÍNTIMA","Absorvente Noturno"
"HIGIENE MENSTRUAL E ÍNTIMA","Absorvente Interno"
"HIGIENE MENSTRUAL E ÍNTIMA","Coletor Menstrual"
"HIGIENE MENSTRUAL E ÍNTIMA","Disco Menstrual"
"HIGIENE MENSTRUAL E ÍNTIMA","Calcinha Absorvente"
"HIGIENE MENSTRUAL E ÍNTIMA","Preservativo"
"HIGIENE MENSTRUAL E ÍNTIMA","Gel Lubrificante"
"PAPEL, ALGODÃO E CUIDADOS INFANTIS","Papel Higiênico Folha Simples"
"PAPEL, ALGODÃO E CUIDADOS INFANTIS","Papel Higiênico Folha Dupla"
"PAPEL, ALGODÃO E CUIDADOS INFANTIS","Papel Higiênico Folha Tripla"
"PAPEL, ALGODÃO E CUIDADOS INFANTIS","Lenço de Papel"
"PAPEL, ALGODÃO E CUIDADOS INFANTIS","Lenço Umedecido"
"PAPEL, ALGODÃO E CUIDADOS INFANTIS","Lenço Umedecido Infantil"
"PAPEL, ALGODÃO E CUIDADOS INFANTIS","Algodão em Bolas"
"PAPEL, ALGODÃO E CUIDADOS INFANTIS","Algodão em Disco"
"PAPEL, ALGODÃO E CUIDADOS INFANTIS","Hastes Flexíveis"
"PAPEL, ALGODÃO E CUIDADOS INFANTIS","Fralda Descartável"
"PAPEL, ALGODÃO E CUIDADOS INFANTIS","Fralda para Piscina"
"PAPEL, ALGODÃO E CUIDADOS INFANTIS","Pomada para Assaduras"
"PAPEL, ALGODÃO E CUIDADOS INFANTIS","Sabonete para Bebê"
"PAPEL, ALGODÃO E CUIDADOS INFANTIS","Shampoo para Bebê"
"PAPEL, ALGODÃO E CUIDADOS INFANTIS","Óleo para Bebê"
"ROSTO, PROTEÇÃO E UNHAS","Sabonete Facial"
"ROSTO, PROTEÇÃO E UNHAS","Gel de Limpeza Facial"
"ROSTO, PROTEÇÃO E UNHAS","Água Micelar"
"ROSTO, PROTEÇÃO E UNHAS","Demaquilante"
"ROSTO, PROTEÇÃO E UNHAS","Hidratante Facial"
"ROSTO, PROTEÇÃO E UNHAS","Protetor Solar Corporal"
"ROSTO, PROTEÇÃO E UNHAS","Protetor Solar Facial"
"ROSTO, PROTEÇÃO E UNHAS","Protetor Labial"
"ROSTO, PROTEÇÃO E UNHAS","Repelente Corporal"
"ROSTO, PROTEÇÃO E UNHAS","Álcool em Gel 70%"
"ROSTO, PROTEÇÃO E UNHAS","Removedor de Esmalte"
"ROSTO, PROTEÇÃO E UNHAS","Acetona"
"ROSTO, PROTEÇÃO E UNHAS","Lixa de Unha"
"ROSTO, PROTEÇÃO E UNHAS","Cortador de Unha"
